Video,Vanishing Subject,Subject Addition/Reduction,Incongruity Fusion,Omission Error,Temporal Subject Dysmorphia,Action Inference,Unnatural Physics
Bathroom that has toilet sitting in the bathtub,no,no,no,yes,no,no,no
an image of a person playing on a skateboard,no,no,no,no,no,no,yes
A pair of black scissors on top of a table near a coaster,no,no,no,no,yes,no,no
A group of kids eating some cakes and plates on the table,no,no,no,no,yes,no,no
A small dog sitting at a table with a pile of food in front of him,no,no,no,yes,no,no,no
A traffic sign near a bridge and a gas station sign,no,no,no,no,yes,no,no
Many people on a beach fly their kites,no,no,no,no,yes,no,no
A woman in a towel combs her wet hair,no,no,no,yes,no,no,no
A large clock with a red neon sign above it,no,no,no,yes,no,no,no
Two women are holding Wii controllers and playing a game,no,no,no,no,yes,no,no
A giraffe wanders near a vehicle in an animal park,no,no,no,no,no,yes,no
A zebra is eating grass out side in the yard,no,no,no,yes,no,no,no
A woman wearing slacks and a red long-sleeve sweater bends slightly to pet a sheep standing in a field,no,no,no,no,yes,no,no
The cat fits perfectly in the sink basin,no,no,no,no,no,yes,no
A dog relaxes on the green grass as he holds a yellow frisbee,no,no,no,yes,no,no,no
Dogs comfortably lazing on their colorful rolling bed,no,no,no,no,yes,no,no
A man and woman wearing skis on a ski slope,no,no,no,no,no,no,yes
A man eats a large burger and french fries,no,yes,no,no,no,no,no
A USB hub with multiple electronics plugged in,no,no,no,yes,no,no,no
People at a baseball stadium watching a game,no,no,no,no,yes,no,no
elephants giving people rides down the middle of the road,no,no,no,yes,no,no,no
A handwritten note is attached to a parking meter,no,no,no,yes,no,no,no
an empty bathroom with no mirror and decorated with tan and white tiles,no,no,no,no,no,yes,no
A guy jumping above a ramp with his skateboard,no,no,yes,no,no,no,no
Two tupperware containers full of two different kinds of food,no,yes,no,no,no,no,no
A man running on a grass tennis court to get a ball,yes,no,no,no,no,no,no
A woman surfing on a large wave with a splash,no,no,no,no,no,no,yes
A clock tower is shown on the beach,no,no,no,yes,no,no,no
A woman giving a presentation in a park,no,yes,no,no,no,no,no
Two cows are lying down in a field,no,yes,no,no,no,no,no
A man riding skis down a snow covered ski slope,no,no,yes,no,no,no,no
a person wearing glasses and a tie in a car,no,no,no,no,yes,no,no
A black cat eating from a plate on a street curb,no,no,no,no,no,no,yes
A person and a couple of motor bikes,no,yes,no,no,no,no,no
Two men in solider uniforms run to an outhouse where a chicken sits on a toilet and a polar bear approaches from the other side of the outhouse,no,yes,no,no,no,no,no
A person jumping his or her snowboard in the air,no,no,no,no,no,no,yes
a couple of old buildings that are next to a car,no,no,no,yes,no,no,no
Two animals stand on the beach as a big boat sits in the water,no,no,no,no,no,yes,no
Two people in the distance on a beach with surfboards,no,yes,no,no,no,no,no
A herd of sheep standing next to a dog in a field,no,no,no,yes,no,no,no
There is a cat lying on top of the laptop,no,no,no,no,no,yes,no
Two birthday cakes are setting on a table,no,yes,no,no,no,no,no
Two women are in a kitchen with two ovens,no,no,no,no,yes,no,no
A tennis player after hitting a shot back to the other side of the court,no,no,no,no,no,yes,no
A small car sits parked in front of a scooter,no,no,no,yes,no,no,no
Looking out a train window at the scenery including a mountain,no,no,no,no,yes,no,no
A worker in yellow reflective clothing directing an airplane,yes,no,no,no,no,no,no
Man smoking cigarette and lady holding umbrella walking towards fire hydrant,no,no,no,no,no,yes,no
The woman is dressing the man for an occasion,no,no,no,no,yes,no,no
FOUR SHEEP IN AN ENCLOSURE WITH SNOW AROUND THEM,no,yes,no,no,no,no,no
Zebras grazing on green grass in a zoo enclosure,no,yes,no,no,no,no,no
Young girls on grassy field with animal during competition,yes,no,no,no,no,no,no
various types of vegan donuts for sale in a store,no,no,no,yes,no,no,no
Two young boys playing Wii bowling on a large television screen,no,no,no,yes,no,no,no
Two women and a desk both looking at their cell phones,no,no,no,yes,no,no,no
two very big elephants walking in the wild,no,no,no,no,no,yes,no
Two toilets and a sink in a bathroom,no,no,no,yes,no,no,no
Two street signs and a caution sign are pictured amongst some trees,no,yes,no,no,no,no,no
Two road workers are standing by a red light with a sign,no,no,no,yes,no,no,no
two refrigerators and a deep freezer on the side,no,no,no,yes,no,no,no
Two people standing near each other holding drinks,no,no,no,no,yes,no,no
Two people skiing down a snowy slope surrounded by trees,no,no,no,no,no,no,yes
two people in wet suits walking towards the water,no,no,no,yes,no,no,no
Two people are laying on benches in a garden,no,no,no,no,yes,no,no
Two people are holding sports equipment in the snow,no,no,no,no,yes,no,no
Two peeled carrots next with cut up squash and cut up carrots next to them,no,no,no,yes,no,no,no
Two monks stand under an umbrella on the sidewalk,no,yes,no,no,no,no,no
Two men in kilts pose with a wedding party,no,yes,no,no,no,no,no
Two girls sitting outside of a big office building having a conversation and texting on their phones,no,no,no,no,yes,no,no
Two elephants noses standing side by side in the dirt,no,no,no,yes,no,no,no
Two electrical boxes and signs sit on a street pole,no,no,no,yes,no,no,no
Two donuts are inside of a foiled container,no,yes,no,no,no,no,no
Two dishes of ice cream and baked apples,no,no,no,no,yes,no,no
Two cows are standing in a grassy area,no,no,no,no,no,yes,no
two children play together outside with rackets,no,no,no,no,yes,no,no
Two cakes one bunt style the other well frosted layered cake,no,yes,no,no,no,no,no
Two black cows in a grassy field with mountain in background,no,yes,no,no,no,no,no
two black bears are walking through some bushes and plants,no,yes,no,no,no,no,no
Two birds sit on opposite ends of a park bench,no,no,no,yes,no,no,no
Two beds are made in the hotel room,no,no,no,yes,no,no,no
Two baseball players near a base during a game,no,no,no,no,yes,no,no
Two Asian children stand in front of a sink,no,no,no,no,yes,no,no
train on train track surrounded by many trees,no,no,no,no,no,yes,no
Towels hanging on a rack next to a bathroom sink and bathtub,no,no,no,yes,no,no,no
Toilets sit with the lids closed with toy animals in the background,no,no,no,yes,no,no,no
Three zebras stand in a grassy area in the wilderness,no,yes,no,no,no,no,no
Three people riding horses along the beach,no,no,no,no,yes,no,no
Three men wearing specialty clothing with machines strapped to their backs,no,no,no,no,yes,no,no
Three men stand around a laptop that is recording them on a web camera,no,no,no,no,yes,no,no
Three cats and a teddy bear on a floor,no,yes,no,no,no,no,no
Three boats constructed of wood sitting on dry land,no,no,no,yes,no,no,no
This meal consists of a sandwich and a cucumber,no,no,no,no,no,yes,no
This is a plane on the tarmac with a ladder leading up to the door and people walking around it,no,no,yes,no,no,no,no
This is a baseball player missing the ball and getting a strike,no,no,no,yes,no,no,no
This cat is laying on top of a blue couch,no,no,yes,no,no,no,no
Theyre sitting in sharing a couple of boxes of pizzas,no,no,no,no,yes,no,no
There is a two parking signs on a stand outside,no,no,no,yes,no,no,no
There is a small herd of sheep on the grassy field,yes,no,no,no,no,no,no
There is a sign advertising a flower shop,no,no,no,no,yes,no,no
there is a red stop sign in front of houses,no,no,no,yes,no,no,no
THERE IS A DESK TOP COMPUTER ON THE DESK,no,no,no,yes,no,no,no
there is a blue and black bus stopped at a bus stop,no,no,no,yes,no,no,no
There is a bench set in front of a house,no,no,no,yes,no,no,no
THERE ARE ZEBRAS EATING IN A FENCE IN ZOO,no,no,no,no,yes,no,no
There are many horses standing on a paved street that contains many buildings,no,no,no,yes,no,no,no
there are many different busses that are parked next to each other,no,no,no,yes,no,no,no
The woman with her hat and backpack is also carrying an umbrella,no,no,no,yes,no,no,no
The woman is standing out front of the building with her umbrella up,no,no,no,no,yes,no,no
The old toilet is sitting on the sidewalk with newspaper on it,no,no,no,yes,no,no,no
The man is using his computer laying on his bed,no,no,no,yes,no,no,no
The man in the black wet suit is surfing on a board,no,no,no,no,no,no,yes
the fire hydrant is yellow and is next to green plants,no,yes,no,no,no,no,no
the boy and the girl sit in the park together,no,no,no,no,yes,no,no
Someone snow boarding on their snow board in the snow,no,no,no,no,no,no,yes
Someone attempts to feed a baby kitten with a bottle,no,yes,no,no,no,no,no
some people messing around with some elephants,yes,no,no,no,no,no,no
Some glasses that are on a shelf together,no,no,yes,no,no,no,no
some books about berlin next to a laptop,no,no,no,yes,no,no,no
Red and green fire hydrant sitting in the forest,no,no,no,yes,no,no,no
Polo game with brown horse and rider about to hit the ball,no,yes,no,no,no,no,no
Person airborne on a skateboard high over the ground,no,no,no,no,no,no,yes
2 cats who are playing outside of a house,no,no,no,yes,no,no,no
2 people pose for a picture by a cold mountain,no,no,no,no,yes,no,no
2 teddy bears in matching clothing next to each other,no,no,no,yes,no,no,no
3 zebras walking down a gravel path in front of a grassy area,no,yes,no,no,no,no,no
A advertising bus sitting along side a roadway,no,no,no,no,no,yes,no
A airplane on the tarmac next to the ocean,no,no,no,yes,no,no,no
A airplane that is sitting in the grass,no,no,no,no,no,yes,no
A airplane that is standing on a runway,no,no,no,no,yes,no,no
A airport runway with a large plane and cars parked on one side,no,yes,no,no,no,no,no
A baby bear standing among some tall grass,no,no,no,no,no,yes,no
A baby child is playing Frisbee outside in the sun,no,no,no,no,yes,no,no
a baby elephant walking behind a large one,no,no,no,no,no,yes,no
A baby elephant walking behind a mother elephant,no,yes,no,no,no,no,no
a baby giraffe behind a fence in an indoor enclosure,no,no,no,no,yes,no,no
A baby girl holding a white teddy bear walking across a park,no,no,no,yes,no,no,no
A baby girl standing in front of a giraffe,no,no,no,no,yes,no,no
A baby is being feed fruit from a container,no,no,no,yes,no,no,no
A baby is sitting in a white crib holding a toothbrush,no,no,no,no,yes,no,no
A baby is smiling with a teddy bear,no,no,no,no,yes,no,no
A baby named Ellitott laying in his bed,no,no,no,no,yes,no,no
a baby polar bear walking down a fake igloo and into the water,no,no,no,yes,no,no,no
A baby pressing a key on a laptop,no,no,no,yes,no,no,no
A baby sheep stands with other sheep in clumps of hay,no,no,no,no,yes,no,no
A baby sitting chewing on a toothbrush to soothe his gumns,no,no,no,no,yes,no,no
a baby under a table eating raw broccoli,no,no,no,yes,no,no,no
a back pack on a chair and a person sitting next to it,no,no,no,yes,no,no,no
A backpack rests in a chair next to a bed in a motel room,no,no,no,yes,no,no,no
A banana and a yellow apple in a woven basket,no,yes,no,no,no,no,no
A banana onion and some orange marmalade are shown here,no,no,no,no,no,yes,no
A banana sitting on top of bunches of grapes and an orange next to a lime,no,no,no,yes,no,no,no
A banana tree has a brown pod on it,no,no,no,no,no,no,yes
A barber shop sign is next to a fire hydrant,no,no,no,yes,no,no,no
A baseball field that has players standing on it,no,no,no,yes,no,no,no
A baseball game is being played with the batter in motion,yes,no,no,no,no,no,no
A baseball player at bat at a baseball game,no,no,no,no,yes,no,no
A baseball player at bat in a crowded stadium,no,no,no,yes,no,no,no
A baseball player at bat is in stance to get ready and hit the ball,yes,no,no,no,no,no,no
A baseball player getting ready to throw a pitch,no,no,yes,no,no,no,no
A baseball player holding a baseball bat during a game,no,no,no,no,yes,no,no
A baseball player is in the middle of his swing as the catcher is ready to catch the ball,no,no,no,yes,no,no,no
A baseball player on the field in the motion of throwing the ball,no,no,no,no,no,yes,no
2 bowls of fruit sit on a table,no,yes,no,no,no,no,no
A tennis player is getting ready for a shot,no,no,yes,no,no,no,no
A person sits on a park bench in the rain,yes,no,no,no,no,no,no
A piece of cake is on a plate with an American flag stuck in it,no,yes,no,no,no,no,no
A skateboarder doing tricks on a wall in a park,no,no,no,no,no,no,yes
The man and woman are hugging under an umbrella near the water,no,no,no,no,yes,no,no
Multiple police standing on the corner at a city intersection,no,no,no,yes,no,no,no
A very cute elephant in a big grassy field,no,no,no,no,yes,no,no
A child dunking a basketball on a toy hoop,no,no,no,no,no,no,yes
Man talking on personal cell phone on a yellow and black bench,no,no,no,yes,no,no,no
A beautiful view of the sun setting at a beach,no,no,no,yes,no,no,no
A professional baseball player preparing to swing at a pitch,no,no,no,no,yes,no,no
Three pastries on napkins sit on a table,no,yes,no,no,no,no,no
Two people on their surfboards in rough water,no,yes,no,no,no,no,no
Two toilets sitting next to each other in a bathroom,no,yes,no,no,no,no,no
An umbrella is inside of a plastic blue tub,no,no,no,yes,no,no,no
A commuter train stops for passengers to board,no,no,no,yes,no,no,no
A boy in a red hat playing with tee ball set,no,yes,no,no,no,no,no
A motorcycle taxi driver in the middle of a busy street,no,no,yes,no,no,no,no
A boy in a bow tie sticks out his tongue,no,no,no,no,yes,no,no
Back to back stuffed bears in an old thatch style,no,no,yes,no,no,no,no
Banner indicating Olympics above a brick wall in city,no,no,yes,no,no,no,no
Baseball player at home plate preparing to bat,no,no,no,no,yes,no,no
Baseball player standing in the batters box ready to hit,no,no,yes,no,no,no,no
Baskets and a rack filled with bananas at an outdoor market,no,no,no,no,yes,no,no
Bathroom scene green patterned wall paper and commode with square seat,no,no,no,yes,no,no,no
Bathroom with white tile flooring white rug toilet and printed shower curtain,no,no,no,yes,no,no,no
Beautiful brown colors and wood in the backdrop of a cunning little boy,no,no,no,no,yes,no,no
Beautiful large surfboards on a rack at the beach,no,no,no,yes,no,no,no
Bedroom with a white bed and large open windows,no,no,yes,no,no,no,no
Bedroom with red ceiling and pattered red sheets and drapes,no,no,no,yes,no,no,no
Beef broccoli bread and vegetables are on a plate,no,no,no,yes,no,no,no
Big Ben is next door to an apartment building,no,no,no,yes,no,no,no
Big cows and little cows standing and lying on a green field,no,no,yes,no,no,no,no
Birds and Ducks gather in and around water,no,no,yes,no,no,no,no
black and white cat wearing a red scarf,no,no,yes,no,no,no,no
Black and white donuts with sprinkles are stacked on a rack,no,no,yes,no,no,no,no
Black and white image of skateboarders on a half-pipe,no,no,no,yes,no,no,no
black and white man walking down street with suitcase,no,no,no,no,yes,no,no
Black and white metal sign pointing to the enclosure,no,no,no,yes,no,no,no
Black and white photo of a long train,no,no,yes,no,no,no,no
Black and white photo of bicycle in bed room with sofa in background,no,no,no,no,yes,no,no
Black and white photograph of someone using a computer on a bed,no,no,no,yes,no,no,no
Black and white striped bathroom with a toilet sink and shower,no,no,yes,no,no,no,no
Black dog laying on the floor in front of a bed,no,no,no,yes,no,no,no
Black white and yellow bird sitting on the edge of a plastic cup,no,no,no,no,no,no,yes
Blender on counter top in corner with paper towels and small containers,no,no,no,yes,no,no,no
Blonde haired person looking through the hole of a big doughnut,no,no,no,yes,no,no,no
Blue and white truck parked next to an open building,no,no,no,yes,no,no,no
Blue and yellow flowers in a glass vase near a mirror,no,no,no,yes,no,no,no
Blue plate of food sitting next to an IBM think pad,no,no,no,yes,no,no,no
Boats are docked under a roof in a marina,no,no,no,yes,no,no,no
Book shelves on a wall above a chest of drawers with coffee maker and fruit,no,no,no,yes,no,no,no
Bottle of red wine and red wine in a wine goblet,no,no,no,no,no,no,yes
Bowl of soup sitting on a plate at a Chinese restaurant,no,no,no,yes,no,no,no
Boxes of apples fill up a table at this outside market,no,no,no,yes,no,no,no
Boy holding an umberella smiling for the camera,no,no,no,no,yes,no,no
Boy on bow of boat steering with a pole,no,no,no,no,yes,no,no
Wall with paintings clock and an ornate painted shelf with decorations,no,no,no,yes,no,no,no
We are looking at a blurry photo of a kitchen stove,no,no,yes,no,no,no,no
We are looking at a chef behind a table filled with food,no,no,no,no,yes,no,no
We see a line of beach chairs and umbrellas,no,no,yes,no,no,no,no
well cooked pizza on a pan and chicken on a plate,no,no,no,yes,no,no,no
What a boring bathroom in white white and more white,no,no,no,yes,no,no,no
Wheeled luggage in the middle of a dirt road in a forest,no,no,no,yes,no,no,no
Whimsical and colorful decorated cakes with tiny fruit on top,no,yes,no,no,no,no,no
White clock tower with three flags on top,no,no,no,yes,no,no,no
white kitchen cabinets a silver sink and stove and a light,no,no,no,yes,no,no,no
White microwave over with lots of clutter on it in front of a wood panel wall,no,no,no,yes,no,no,no
White teddy bears cavort about an ice cream filled refrigerator in a department store window,no,no,no,yes,no,no,no
Wicker chairs and tables under umbrellas in the shade,no,no,yes,no,no,no,no
Wisps of smoke on a public street at night,no,no,no,yes,no,no,no
Woman being fitted into a green suitcase on bed,no,no,no,no,yes,no,no
Woman expressing joy at outdoor bench near populated area,no,no,no,no,yes,no,no
Woman in a jersey standing next to a large elephant,no,no,no,no,yes,no,no
Woman in bridal gown standing next to groom for photo opportunity,no,no,no,no,yes,no,no
Woman in glasses looks over as shes holding up a donut,no,no,no,no,yes,no,no
Woman in midst of a Wii activity holding the remote and smiling,no,no,no,no,yes,no,no
Woman in wedding dress pointing at donuts display,no,no,no,no,yes,no,no
Woman sitting on couch using her laptop in pajamas,no,no,no,no,yes,no,no
Woman skiing down a slop with her walking sticks in the air,no,no,no,yes,no,no,no
woman skiing in the snow while hunched over,no,no,no,no,no,yes,no
Woman standing with a lot of luggage on tile pavement,no,no,no,yes,no,no,no
Woman volleying a serve in a game of tennis,no,no,no,no,yes,no,no
Woman walking and talking on cellphone with people in background,no,no,no,no,yes,no,no
Woman with a baseball cap is up to bat,no,no,no,no,yes,no,no
Woman with a big hat sitting by some bananas while talking on the phone,no,no,no,no,yes,no,no
Women are getting ready to surf on a stormy day,no,no,no,no,yes,no,no
Women are playing WII video games in a big room,no,no,no,no,yes,no,no
Women looking at stacks of green bananas outside of a house,no,no,no,no,yes,no,no
Wood and tile walls are part of a public bathroom,no,no,no,yes,no,no,no
wood panaled bathroom with sink mirror and a toilet,no,no,no,yes,no,no,no
Wood planked surface with vegetable grouping greens bundle seven bell peppers a head of lettuce a head of broccoli five green peppers bok choy and radishes,no,no,no,yes,no,no,no
Wooden cabinetry in a blue kitchen with white appliances,no,no,yes,no,no,no,no
Woman wearing a black outfit and holding a black umbrella,yes,no,no,no,no,no,no
goaly in an orange jersey blocking a net,no,no,no,no,yes,no,no
two boats on the water looked at through a window,no,yes,no,no,no,no,no
a sunrise over a building outside in the morning,no,no,no,yes,no,no,no
A busy street with some cars driving by,no,no,no,no,no,no,yes
Two men in a room playing video games,no,yes,no,no,no,no,no
a room that has some furniture in it,no,no,no,yes,no,no,no
A person in winter gear on skis skiing cross country,no,no,yes,no,no,no,no
Two elephants are roaming in a field of grass,no,no,no,no,no,yes,no
a person flying a kite on a beach with a person near by,no,no,no,no,no,no,yes
There is an open flame within a pizza oven,no,yes,no,no,no,no,no
A man with a skateboard jumping in the air,no,no,no,no,no,no,yes
some people walking on a pier and a skateboarder,no,yes,no,no,no,no,no
A woman taking a self shot at an ornate mirror and sink,no,no,no,no,yes,no,no
A street sign perched above two street lights,no,yes,no,no,no,no,no
The building has a clock displayed on the tower,no,yes,no,no,no,no,no
A stuffed bear is sitting on a shelf with two photographs,no,yes,no,no,no,no,no
Two horses are racing down a track with their jockies,no,yes,no,no,no,no,no
A CHILD IS CUTTING PAPER AT THE TABLE,no,no,no,yes,no,no,no
a baseball player throws a pitch to a batter,no,no,no,no,yes,no,no
A glass of beer and a slice of pizza,no,no,no,no,no,no,yes
Two cats who are laying down on a bed,no,no,yes,no,no,no,no
A boy getting ready to hit the ball at a baseball game,no,no,no,no,yes,no,no
Three horses run in front of a grassy area at the base of several mountains on a hazy day that makes the mountains appear purple,no,yes,no,no,no,no,no
a male surfer in a wet suit surfing on a white board,no,no,no,no,no,no,yes
An adult bear and two bear cubs wander through a field,yes,no,no,no,no,no,no
A person on a snowboard on the ground,no,no,no,no,no,no,yes
A man on a snow board making a jump,no,no,no,no,no,no,yes
A crowd of people standing on a beach flying kites,no,yes,no,no,no,no,no
A baseball player swinging at a pitched ball,no,no,no,no,yes,no,no
A man rides a motorcycle down a freeway,no,yes,no,no,no,no,no
Two dogs sleeping on floral design covered sofa,no,no,no,no,yes,no,no
The guy looks like hes about to do something with his skateboard,no,yes,no,no,no,no,no
A car driving down the street near tall buildings,no,no,yes,no,no,no,no
A man is typing on his computer while a sandwich and a bottle of coke is on either side of him,no,no,no,no,no,yes,no
A skier going down a steep slope on a sunny day,no,no,no,no,no,no,yes
A bunch of trains side by side on tracks,no,yes,no,no,no,no,no
A happy adult holding two large donuts,yes,no,no,no,no,no,no
there is a baby that has made a mess on the table,yes,no,no,no,no,no,no
Two female skiers helping a little girl learn to ski,no,yes,no,no,no,no,no
Red sign stating to wait there when light shows,no,no,no,no,no,no,yes
Snow skiiers sitting down beside a rock wall,no,no,no,no,no,yes,no
Two horses graze on the grass with a background of colorful trees,no,yes,no,no,no,no,no
A little girl with purple glasses holding a powdered donut,no,no,no,no,no,yes,no
The bathroom has rugs on the floor near the toilet and sink,no,no,no,yes,no,no,no
Two black horses two brown horses and one white horse standing in the snow,no,yes,no,no,no,no,no
The banana is sitting next to the two oranges,no,yes,no,no,no,no,no
a number of elephants near one another,no,no,no,no,no,no,yes
A vase filled with flowers is sitting on a table with a chicken,no,no,no,yes,no,no,no
Three life size sheep hiding in the tall grass,no,yes,no,no,no,no,no
Three men attempt to ski down a snow covered slope,yes,no,no,no,no,no,no
a girl is on the back of a fake elephant,yes,no,no,no,no,no,no
Two men are playing a game of Frisbee,yes,no,no,no,no,no,no
A airplane flying low in the sky,yes,no,no,no,no,no,no
A baseball being hit at a baseball game,yes,no,no,no,no,no,no
A baseball game going on while a player holds a bat ready,yes,no,no,no,no,no,no
A baseball game with a batter and a catcher,yes,no,no,no,no,no,no
A baseball hitter stands in position to hit the ball,yes,no,no,no,no,no,no
A baseball pitcher named minor is tossing a pitch on the diamond,yes,no,no,no,no,no,no
A baseball player about to make a run for it,yes,no,no,no,no,no,no
A baseball player at home plate swings at a pitch,yes,no,no,no,no,no,no
A baseball player breaking hit bat after hitting the ball,yes,no,no,no,no,no,no
A baseball player holding a baseball bat on a baseball field,yes,no,no,no,no,no,no
a baseball player in a batters box getting ready to swing a bat,yes,no,no,no,no,no,no
A baseball player is about to bat and play some game,yes,no,no,no,no,no,no
a baseball player is holding up a bat,yes,no,no,no,no,no,no
a baseball player is swinging a bat and some people watching,yes,no,no,no,no,no,no
a baseball player swinging for a ball at home plate,yes,no,no,no,no,no,no
A scope view of a man doing a trick on a skateboard,yes,no,no,no,no,no,no
A red sixteen wheeler carrying inventory on a main street,yes,no,no,no,no,no,no
Back of boy after throwing frisbee to girl across the yard,yes,no,no,no,no,no,no
Birds in the sky and on a bar in an alleyway,yes,no,no,no,no,no,no
Black and white photograph of a man in a striped shirt at a zebra crossing,yes,no,no,no,no,no,no
Black and white photograph of hands on a keyboard,yes,no,no,no,no,no,no
Blurry action scene of a woman walking on a street with an umbrella,yes,no,no,no,no,no,no
Boy jumping off a ramp with a skate board,yes,no,no,no,no,no,no
Woman biking down a street in front of a bus,yes,no,no,no,no,no,no
Woman in green shirt riding on the back of a skateboard,yes,no,no,no,no,no,no
Woman standing beneath road sign on post in city,yes,no,no,no,no,no,no
Woman tennis player jumping with tennis racket to save ball,yes,no,no,no,no,no,no
Wooden kitchen cabinets and drawers with stainless steel top,yes,no,no,no,no,no,no
A tennis player is in air while extending his arm up to return the ball,yes,no,no,no,no,no,no
A man making himself dizzy on a baseball bat,yes,no,no,no,no,no,no
Food and beer near a laptop on a desk,yes,no,no,no,no,no,no
A man in green shirt in dirt area flying a kite,yes,no,no,no,no,no,no
PEOPLE CELEBRATING WITH CHOCOLATE CAKE AND WINE,yes,no,no,no,no,no,no
A boy is smiling and biting into a big piece of pizza,yes,no,no,no,no,no,no
a plane flying low as it gets ready to land,yes,no,no,no,no,no,no
this is an image of two people flying a kite in the snow,yes,no,no,no,no,no,no
She is not sure if she likes eating the pizza,no,no,yes,no,no,no,no
The cat is standing on a black backpack,no,no,yes,no,no,no,no
Two men on skateboards hold poles as they are on a road,no,no,yes,no,no,no,no
A woman touches a captive giraffe in a zoo enclosure,no,no,yes,no,no,no,no
Two people riding on the back of a red motorcycle and city,no,no,yes,no,no,no,no
Two horses are being fed by people eating at a table,no,no,yes,no,no,no,no
Tw people ride horses with trees in the background,no,no,yes,no,no,no,no
Three men standing on the street eating sandwiches,no,no,yes,no,no,no,no
Three guys are standing on a beach next to surfboards,no,no,yes,no,no,no,no
This is a wide angle shot of a skateboarder in mid air at a skateboard deck,no,no,yes,no,no,no,no
This clock has a star and letters on it,no,no,yes,no,no,no,no
The train is running on one of the tracks,no,no,yes,no,no,no,no
The man is riding along with his dog in the passenger seat,no,no,yes,no,no,no,no
Swimmers and coaches face each other across a pool,no,no,yes,no,no,no,no
A 4 Way Stop sign on the corner of S 2nd Street and S 5th Ave in front of the Ceresota building,no,no,yes,no,no,no,no
a animal that is walking in a crowd of people,no,no,yes,no,no,no,no
A baby elephant statue on a tree-lined sidewalk,no,no,yes,no,no,no,no
A baby in white shirt at table with food in the foreground,no,no,yes,no,no,no,no
A baby inside of a tub with some toys,no,no,yes,no,no,no,no
A baby sheep nurses from its mother out in the field,no,no,yes,no,no,no,no
A baby standing in a suit case with a woman hold the babies hands,no,no,yes,no,no,no,no
A baseball player hitting a ball and the emperor behind him,no,no,yes,no,no,no,no
A baseball player holding a baseball bat off the field,no,no,yes,no,no,no,no
a baseball player holding up a bat at home plate,no,no,yes,no,no,no,no
A red train caboose on tracks next to power lines,no,no,yes,no,no,no,no
A girl making a finger gun while brushing her teeth,no,no,yes,no,no,no,no
A woman is putting her bike on the bus,no,no,yes,no,no,no,no
Tennis players on the court as crowd watches,no,no,yes,no,no,no,no
Traffic lights on a street glowing in a night sky,no,no,yes,no,no,no,no
Baked pizza with meats and vegetables displayed on table,no,no,yes,no,no,no,no
Bananas hanging above bins of fruits and vegetables,no,no,yes,no,no,no,no
Baseball players warming up at a baseball game with people looking on,no,no,yes,no,no,no,no
Baseball team posing with bats at home plate,no,no,yes,no,no,no,no
bedroom with computer workstation and view of bridge,no,no,yes,no,no,no,no
Benches at a train station with a waiting train,no,no,yes,no,no,no,no
Bike parked in front of a glass door and windows colorfully decorated,no,no,yes,no,no,no,no
Birds and windsurfers on a beach on a windy day,no,no,yes,no,no,no,no
Birds are flocked on a rocky area by a body of water,no,no,yes,no,no,no,no
Black and white image of a man and child with a kite,no,no,yes,no,no,no,no
black and white kites flying so high with strings,no,no,yes,no,no,no,no
Black and white photo of a jail cell with toilet and sink,no,no,yes,no,no,no,no
Black and white photograph of a man using a cell phone on the street,no,no,yes,no,no,no,no
Black and white photograph of a woman holding three apples,no,no,yes,no,no,no,no
black and white picture of baseball players playing baseball on a field,no,no,yes,no,no,no,no
blue and white passenger jet as viewed from below,no,no,yes,no,no,no,no
Blue delivery truck being driven by man down street,no,no,yes,no,no,no,no
Blue train engine at station near lamp post,no,no,yes,no,no,no,no
Boats on the water with mountains in the background,no,no,yes,no,no,no,no
Books are sitting in a room with a laptop windows and television,no,no,yes,no,no,no,no
Boy is in the middle of landing a kickflip,no,no,yes,no,no,no,no
Waffle fries and turkey bacon avocado and cheese tortilla wraps sitting on a plate,no,no,yes,no,no,no,no
We are looking at an artistic photo of a man in a suit and tie,no,no,yes,no,no,no,no
Wild animals standing on a dirt field next to a forest,no,no,yes,no,no,no,no
Wildebeest and zebras are lying in the grass,no,no,yes,no,no,no,no
Winners circle with two men holding flowers and one being given a bunch of bananas,no,no,yes,no,no,no,no
woman in bra and cowboy boots lays on the floor of a bathroom,no,no,yes,no,no,no,no
Woman in red jacket playing with her two black and white dogs,no,no,yes,no,no,no,no
Woman laying on a floor with a dog and a cat watching her,no,no,yes,no,no,no,no
Woman lays her head on another womans lap on a park bench,no,no,yes,no,no,no,no
WOMAN LOOKING INTO BABIES MOUTH IN A BATHROOM,no,no,yes,no,no,no,no
Group of bicyclists on a flat wet road,no,no,yes,no,no,no,no
A view of an air plane jet liner through a window,no,no,yes,no,no,no,no
A woman holding a pair of scissors near her hair,no,no,yes,no,no,no,no
A woman sitting Indian Style while trying to tie a tie,no,no,yes,no,no,no,no
Two tennis players being good sports and shaking hands,no,no,yes,no,no,no,no
A man in a baseball uniform hitting a ball with a bat,no,no,no,no,no,no,yes
A frisbee player throws the frisbee across the grass,no,no,no,no,no,no,yes
Boaters are in the river floating along the stream,no,no,no,no,no,no,yes
Pigeons gather to eat pizza on the sidewalk,no,no,no,no,no,no,yes
A red train is slowly loosing its color,no,no,no,no,no,no,yes
Three men on a field jumping up for a Frisbee,no,no,no,no,no,no,yes
THIS IS A PHOTO OF A GUY PRACTICING AT THE SKATE PARK,no,no,no,no,no,no,yes
THERE IS A MLB BASEBALL GAME THAT IS GOING ON,no,no,no,no,no,no,yes
There is a bird that is sitting on the dock,no,no,no,no,no,no,yes
The skateboarder with a hat has his tongue lolling out,no,no,no,no,no,no,yes
Someone sitting at a laptop eating ice cream,no,no,no,no,no,no,yes
2 men on a court play a game of tennis,no,no,no,no,no,no,yes
3 people smile in the airport amongst a crowd,no,no,no,no,no,no,yes
7 jars full of grain with rotten bananas hanging over them,no,no,no,no,no,no,yes
A baby giraffe gets milk from its mother,no,no,no,no,no,no,yes
A banana and some round fruit on a surface,no,no,no,no,no,no,yes
A baseball palyer running toward first base to beat the throw,no,no,no,no,no,no,yes
A baseball player about to swing at a pitch,no,no,no,no,no,no,yes
a large tower that has a clock on top of it,no,no,no,no,no,no,yes
Baseball game with player about to swing and umpire on his left,no,no,no,no,no,no,yes
Baseball player delivering hit to ball during game,no,no,no,no,no,no,yes
Bathroom with toilet and bathtub with curtain around it,no,no,no,no,no,no,yes
Bedroom bed in foreground background has side table with laptop back and upside down 707 characters labels,no,no,no,no,no,no,yes
Bird sitting on a twig with a half eaten apple under it,no,no,no,no,no,no,yes
White toilet with a shower with a tree on it beside it,no,no,no,no,no,no,yes
Woman in black dress and high heeled shoes on small skateboard,no,no,no,no,no,no,yes
Woman posing in front of two pints of beer,no,no,no,no,no,no,yes
Woman steering a motorized boat with vegetables in it on small body of water,no,no,no,no,no,no,yes
Cut up carrots fry in a large skillet,no,no,no,no,no,no,yes
A tennis player hit a tennis ball with his racquet,no,no,no,no,no,no,yes
a black and white picture of a boy skateboarding,no,no,no,no,no,no,yes
an image of a kitchen setting with bananas in blender,no,no,no,no,no,no,yes
there are cars and a sign on the road,no,no,no,no,no,no,yes
A man crouching on a skateboard riding down the street,no,no,no,no,no,no,yes
A monorail car with dirt on the front,no,no,no,no,no,no,yes
A skateboarder is high in the air performing a jump,no,no,no,no,no,no,yes
A woman pouring wine into glasses on a table,no,no,no,no,no,no,yes
A tennis player is swinging a tennis racket,no,no,no,no,no,no,yes
Cake made out of cookies with candles on top,no,no,yes,no,no,no,no
Calves stand in individual pens at a farm,yes,no,no,no,no,no,no
Canoes and motor boats sit along the waters edge,no,no,no,no,no,yes,no
Cars are parked on the side of a street lined with brick buildings,no,no,yes,no,no,no,no
Cars are transported on a boat across a body of water,no,no,no,no,no,yes,no
Cars parked at night along an urban street with a hotel restaurant and casino,no,no,yes,no,no,no,no
cars parked in a parking lot with a sky background,no,no,yes,no,no,no,no
Cat carefully examining a skateboard on a hardwood floor,no,no,no,no,no,yes,no
Cat cleaning itself on a wooden chair in room,no,no,no,no,no,yes,no
Cat lying indolently on top of a small car,no,no,no,no,no,yes,no
Cat peering out from thick white bed comforter,no,no,yes,no,no,no,no
Cats sitting near other on a modern carpet,no,yes,no,no,no,no,no
Cattle in a pasture with hills in the back,no,no,yes,no,no,no,no
Chairs pushed in under the table with an old record player on top,no,no,yes,no,no,no,no
Child on a pillow on a chair with a teddy bear,no,no,yes,no,no,no,no
Children in uniforms are playing baseball on a baseball field,no,no,no,no,no,no,yes
Children play baseball at a stadium at night as onlookers watch the game,no,no,yes,no,no,no,no
china airplane airline is parked at a dock,no,no,yes,no,no,no,no
Cinnamon rolls sitting on a pan in the oven,no,no,yes,no,no,no,no
City signs including a blue circle with an arrow,no,yes,no,no,no,no,no
Clock tower in the distance against a white sky,no,no,yes,no,no,no,no
clock tower made from brick with iron fencing,no,no,yes,no,no,no,no
clos up of a street sign with building background,no,no,yes,no,no,no,no
Close up of a duck sign triangular white with red border and black duck on a pole with sidewalk grass and building behind,yes,no,no,no,no,no,no
close up of a jar of liquid next to a plate on a table,no,no,no,no,no,yes,no
Close-up of the face of an orange and white cat,no,no,yes,no,no,no,no
Clothes hang on a line above the bed,no,yes,no,no,no,no,no
Clowns stand on the side of an old fire truck as it rides in a parade,no,no,no,no,no,yes,no
Clydesdale horses and people outside a brick barn,no,yes,no,no,no,no,no
Colorful granny afghan is displayed with a large pair of scissors on top,no,no,no,no,no,yes,no
Colorful toys in front of a cell phone rested on its side,yes,no,no,no,no,no,no
Competitor returning volley during tennis match on grass court,no,no,yes,no,no,no,no
Competitors cluster in a cross country ski race,yes,no,no,no,no,no,no
Computer station with one computer and many accessories,no,yes,no,no,no,no,no
Cooked meal items on plate with small bowl of fruit,no,yes,no,no,no,no,no
Couple sitting on a motorcycle on the sidewalk as gentleman takes picture,no,no,no,no,no,yes,no
Cows grazing in a field of dry grass by snowy hills,no,no,yes,no,no,no,no
Cows standing behind a fence that has a segment of fruit on it,no,no,no,no,no,no,yes
Cows strain their necks for hay in between posts of a fence,no,no,yes,no,no,no,no
Cup of coffee on the desk in front of keyboard,no,no,no,no,no,yes,no
Cups toothbrushes and toothpaste hanging from a wooden lattice,no,no,yes,no,no,no,no
Cyclist and a tiny smart car on a stone-paved street by a large open public area,no,no,no,no,no,yes,no
Decommissioned boxcar with an entry stairway next to railroad tracks,no,no,no,no,no,no,yes
Different foods including pizza displayed for eating and a person with tongs serving the food,yes,no,no,no,no,no,no
different kinds of fruit sitting next to each other,no,no,yes,no,no,no,no
disordered chairs lay before a large ship and next to a car,no,no,yes,no,no,no,no
Display at a car show of a small car near a moped,no,yes,no,no,no,no,no
Dog and book in the foreground with other dogs in the background outside,no,yes,no,no,no,no,no
Dog attentive on bed with sheets not yet made,no,no,no,no,no,yes,no
Dog in open grassy field chasing flying red disc,no,no,no,no,no,yes,no
Dog lying next to curb on city sidewalk outside eatery,no,no,no,no,no,no,yes
Dogs in life jackets ride a board over waves,yes,no,no,no,no,no,no
Donkeys walk on the sand along a beach,no,no,yes,no,no,no,no
double decker bus driving around downtown streets in traffic,no,no,yes,no,no,no,no
Dozens of kites fly all along the sandy beach,no,no,yes,no,no,no,no
drawing of a man on a surfboard riding a large wave,yes,no,no,no,no,no,no
Dude in shades sits and eats a hotdog,no,no,yes,no,no,no,no
Eleven apples packed inside a cardboard shipping box,no,yes,no,no,no,no,no
Emergency vehicles and a fireman in a cherry picker at the top of a ladder in a city,no,yes,no,no,no,no,no
Everyone in the family has to have his own computer,no,yes,no,no,no,no,no
A number of people working on laptop computers in a large room,no,no,yes,no,no,no,no
A cat laying its paw on a computer keyboard,no,no,no,no,no,yes,no
A couple of zebra walking across a beach,no,no,no,no,yes,no,no
A vase filled with yellow and purple flowers,no,no,no,yes,no,no,no
A tennis player stretches to reach the ball,no,no,yes,no,no,no,no
Two adults making bizarre faces for a photo shot while drinking beer,no,no,no,no,no,yes,no
A stop bar at a railroad crossing on a quiet street,no,no,no,yes,no,no,no
There is a person on a snowboard up in the air,no,no,no,yes,no,no,no
A baseball player swings at a low pitch,no,no,no,no,no,yes,no
A boy sits in a living room using a laptop computer,no,no,no,no,yes,no,no
people in a museum on with earphone on,no,no,no,yes,no,no,no
two girls standing under a sesame street sign,no,yes,no,no,no,no,no
A man in athletic wear swings a tennis racket through the air,no,no,no,no,no,no,yes
Kitchen with wooden cabinets and a white microwave,no,no,no,yes,no,no,no
A raw turkey is in an open oven,no,no,no,no,no,yes,no
Ukraine International plane sitting on a runway at an airport,no,no,no,yes,no,no,no
Horse and rider 26 walking by camera,no,no,no,yes,no,no,no
A herd of elephants near the river bank,no,no,no,no,no,yes,no
a collage of pictures with a person riding a camel on a dirt road,no,no,no,no,no,yes,no
some traffic turning left on a busy street,no,no,no,yes,no,no,no
A dog laying on green grass next to a frisbee,no,no,no,no,no,yes,no
An intersection has a NYPD security camera sign on a post,no,no,no,yes,no,no,no
A marina at night has several boats docked in it,no,no,no,yes,no,no,no
a bedroom with a bed that has white linen,no,no,no,yes,no,no,no
Four lambs on a farm enjoy eating their hay,yes,no,no,no,no,no,no
A small bird is standing in the grass,no,no,no,no,no,yes,no
many cows on a dirt ground with a van in the background,no,no,no,no,no,yes,no
Two men are standing by each other in a parking lot,no,no,no,yes,no,no,no
A young person is skiing down a slope near the woods,no,no,no,no,no,no,yes
A colorful beach umbrella covering beach chairs and a bag,no,no,no,yes,no,no,no
women in a kitchen cooking with uniforms in side,no,no,no,no,yes,no,no
A bowl with vegetables and lemons in it,no,no,no,yes,no,no,no
a small cat pushes up against a door,yes,no,no,no,no,no,no
A person is standing in the grass in front of a stop sign,no,no,no,no,yes,no,no
A man is on a buggy pulled by white horses,no,no,no,no,yes,no,no
Three zebras standing together as they drink water,no,no,no,yes,no,no,no
This is a young girl holding a rainbow umbrella,no,no,no,yes,no,no,no
a train heading for the curve in the track,no,no,no,no,no,yes,no
there is a bus driving down a road near a mountain,no,no,no,yes,no,no,no
A softly lit hotel room featuring two beds,no,no,no,yes,no,no,no
A group of children are eating pizza and drinking punch,no,no,no,yes,no,no,no
there are three men that are sitting at a table together,no,no,no,no,yes,no,no
A photo focused on a building looking at the clock tower,no,no,no,yes,no,no,no
A fork lying next to the remains of a cake,no,no,no,yes,no,no,no
A man throwing a frisbee into a frisbee golf basket,no,no,no,no,no,no,yes
Two giraffes extend necks to onlooker behind fence,no,no,no,yes,no,no,no
A skateboarder performing a trick on a busy sidewalk,no,no,no,yes,no,no,no
Happy people arriving at an event in tour buses,no,yes,no,no,no,no,no
A woman holding a baby and sitting next to a dog,no,no,no,no,yes,no,no
Comics a beverage in a mug and a pastry are on a yellow table,no,no,no,yes,no,no,no
A person on a skateboard with his arms in the air,no,no,no,no,no,yes,no
there is a male tennis player that is on the court,no,no,no,no,no,yes,no
A bathroom showing a full-sized and child-sized toilet and trash can,no,no,no,yes,no,no,no
A baseball player holds his bat and waits for the pitch,no,no,no,no,yes,no,no
An obelisk stands in a square in front of a large building with a clock,no,no,no,no,no,no,yes
a counter top with two bowls of fruits and a banana in a glass of liquid,no,yes,no,no,no,no,no
A man riding a bike with an umbrella is going past a shop,no,no,no,no,no,no,yes
a number of people sitting on lawn chairs in a field,no,no,no,no,yes,no,no
A mouse sits on top of a mousepad next to a white keyboard,no,no,no,no,no,yes,no
An antique passenger train spewing smoke near a harbor,yes,no,no,no,no,no,no
There are many objects sitting on the table,no,no,no,no,no,no,yes
Some fruit and a bowl are setting on some fabric,no,no,no,no,no,no,yes
Two photos one of a man carrying his dog in a bike and the other a close view of the dog,yes,no,no,no,no,no,no
A professional tennis plays returning a difficult shot,no,no,no,no,no,no,yes
Two young children are using laptops at a desk,no,yes,no,no,no,no,no
there is a small bike parked on a street near a car,no,yes,no,no,no,no,no
A man and a boy who are playing a video game,no,no,no,no,yes,no,no
A bus window that has people on different bikes,no,no,no,no,no,no,yes
Several birds are blind folded and perched on a bar,no,yes,no,no,no,no,no
People are on surfboards riding big choppy waves,yes,no,no,no,no,no,no
A person flying through the air while riding skis,no,no,no,no,no,no,yes
A jet engine flying over a cloud filled sky,no,no,no,no,no,no,yes
Those trains are passing each other on the track,no,no,no,no,no,no,yes
A couple of guys are playing a soccer game,no,no,no,no,no,yes,no
An orange fire department has a fire engine,no,yes,no,no,no,no,no
A GROUP OF PEOPLE ARE ON THE WATER,no,no,no,no,no,no,yes
a skier is going down a snow covered hill,no,no,no,no,no,no,yes
A road has many traffic signals on it as well as a vehicle,no,no,no,no,no,no,yes
A person is surfing inside of a wave,yes,no,no,no,no,no,no
a black and white street sign against a blue sky,yes,no,no,no,no,no,no
the tennis player is about to hit the ball back,no,no,no,no,yes,no,no
A man scooping food into a pan,yes,no,no,no,no,no,no
A person on a court with a tennis court,no,no,no,no,no,yes,no
three people wearing suits and a table with money,no,no,no,yes,no,no,no
Helmeted skateboarder in motion inside a full pipe,yes,no,no,no,no,no,no
A snowboarding pulling a trick in a scenic setting,no,no,no,no,no,no,yes
A couple of kites flying over a large body of water,yes,no,no,no,no,no,no
A woman holding an unpeeled banana next to a table,no,yes,no,no,no,no,no
Women cross country skiing in her brown snow suit,no,no,no,no,no,yes,no
a rainbow in the sky next to a stop sign,no,no,no,no,no,yes,no
A man holds up a tennis racket above his head,no,no,no,no,no,yes,no
There are train cars sitting unused in a station,no,no,no,no,no,yes,no
A child wearing a black shirt and green shorts asleep on a picnic bench,no,no,no,yes,no,no,no
race participants in helmets checking out the local surroundings,no,no,no,no,no,yes,no
Red and yellow tour train on pathway near grassy areas,yes,no,no,no,no,no,no
Red apple and yellow banana sitting next to each other,no,yes,no,no,no,no,no
Red green and white parrot sitting on a tree branch,yes,no,no,no,no,no,no
Red lights shine bright above multi-lane highway,no,no,no,no,yes,no,no
Red traffic light with stopped cars at dusk,no,no,no,no,no,yes,no
reds of people looking at motorcycles two guys are carrying red bags,no,no,no,no,no,yes,no
Residential bathroom with modern design and tile floor,no,no,yes,no,no,no,no
ridgewood and charles ave stop sign four way street,no,no,yes,no,no,no,no
Roast beef and veggie panini sandwich with a small ramekin of soup,yes,no,no,no,no,no,no
room with a view has chairs large table display with an array of objects on it,no,no,yes,no,no,no,no
Rows of identical planes wait at an airport,yes,no,no,no,no,no,no
Rusty scissors standing straight up next to another rusty object,no,no,yes,no,no,no,no
s zebra standing by a fence while eating some grass,no,no,yes,no,no,no,no
Sandwich item with meat and vegetables displayed on plate for consumption,yes,no,no,no,no,no,no
Sandwiches and snacks are laid out on the table,no,no,yes,no,no,no,no
Santa Clause is waving going down the street on a motorcycle,no,no,no,no,no,yes,no
Scissors next to a knitting needle and a needle,no,no,yes,no,no,no,no
Sea birds walking on the beach and eating,no,no,no,no,no,yes,no
Seated teenage girl eating her breakfast at home,no,no,no,no,yes,no,no
Series of lights coming off of a passenger train at night,no,no,yes,no,no,no,no
Service vehicles at the airport on the tarmac,no,no,no,no,no,yes,no
Seven airplanes flying in formation trailing red and white smoke,no,yes,no,no,no,no,no
Seven canoes are lined in front of the lake,no,yes,no,no,no,no,no
Seven suitcases stacked on top of one another in front of a booth,no,yes,no,no,no,no,no
Seven vases sit displayed on top of pedestals,no,yes,no,no,no,no,no
She has a big towel wrapped around her just washed hair,no,no,no,no,no,yes,no
Sheep grazing on a hill in the sun,yes,no,no,no,no,no,no
Sheep on a bench during the day on a farm,no,yes,no,no,no,no,no
Shes learning to surf in the shallow water,yes,no,no,no,no,no,no
side view of a laptop sitting on a coffee table,no,no,no,no,no,yes,no
Sight of cows standing and laying within a fenced in area,no,no,no,no,no,no,yes
Six men and a motorcycle sitting in front of a building,no,yes,no,no,no,no,no
Six people with their hands on an outdoor kiln,no,yes,no,no,no,no,no
Six red graduation teddy bears lined up in a row,no,yes,no,no,no,no,no
Six sheep are standing near a wooden fence,no,yes,no,no,no,no,no
Skate boarder does a trick on a city sidewalk,no,no,no,no,yes,no,no
Skate boarder keeping balance while navigating green cones,no,no,no,no,no,yes,no
Skateboarder and blue shirt and black jeans jumping on his board,no,no,no,no,no,no,yes
Skateboarder at the skate park climbing a wall,no,no,no,no,no,yes,no
skateboarder grinding down the retaining wall of a park,no,no,no,no,no,yes,no
Skateboarders waiting to hear the go ahead word to skate down a ramp,no,yes,no,no,no,no,no
Skier at event resting on wall near ski run,no,no,no,no,no,yes,no
Skier coming down a mountain full of snow,no,no,no,no,no,yes,no
Slices of orange are arranged on a plate,no,no,no,no,no,no,yes
A tall clock tower in the background with smaller buildings in the front of it,no,yes,no,no,no,no,no
a topless man taking a selfie in a bathroom,no,yes,no,no,no,no,no
A plate of avocado tomatoes and eggs beside two drinks,no,no,no,no,no,yes,no
A man being pulled along in the ocean on a small boat with a German shepherd running beside him,no,no,no,no,no,yes,no
A box of donuts and a cup of coffee,no,no,no,no,no,no,yes
A long train travels on the tracks in the countryside,yes,no,no,no,no,no,no
A group of people standing in a room playing video games,no,no,no,no,yes,no,no
Gated dog park area where some dogs have frisbees,yes,no,no,no,no,no,no
a woman is jumping on a white bed,yes,no,no,no,no,no,no
Two clocks sit inside of a doctors office,no,no,no,no,yes,no,no
Three zebras graze in a field staying alert for predators,no,yes,no,no,no,no,no
A baseball player stands in the outfield with his mitt to his side,no,no,no,no,no,yes,no
A container of food in a microwave oven,no,no,no,no,yes,no,no
A baseball player hitting a ball it looks like a statue,no,no,no,no,yes,no,no
I can see that the hitter just hit the ball,no,no,no,no,yes,no,no
A white cat with two different color eyes is resting in a sink,yes,no,no,no,no,no,no
Theres several railroad tracks with a couple trains on them,no,yes,no,no,no,no,no
older infant sitting outside holding a baby toothbrush in his mouth,no,no,no,no,yes,no,no
A toy train set rides around a track,no,no,no,no,no,yes,no
a man laying back in a chair with a donut in his mouth,yes,no,no,no,no,no,no
A beautiful woman holding a tennis racquet in her hand,no,no,no,no,yes,no,no
A black cat playing on top of a wooden chair,no,no,no,no,no,yes,no
A women in a dress talks on her phone while riding a bike,no,no,no,no,yes,no,no
Three men standing in a row holding up snowboards,no,yes,no,no,no,no,no
Glazed doughnut on a green napkin on a pink counter top,no,no,no,no,no,yes,no
Tennis player attempting to hit an incoming ball,no,no,no,no,no,no,yes
A batter is taking a swing in a vintage photo,no,no,no,no,no,no,yes
An adult giraffe places its head on a young giraffe,no,no,no,no,yes,no,no
A man pouring water for a cow to drink,no,no,no,no,yes,no,no
The airplane is flying over the mountains below,yes,no,no,no,no,no,no
A kite flown by a person with their kite in the sky,no,yes,no,no,no,no,no
A couple of cows being chased by a dog behind a fence,no,no,no,no,yes,no,no
Two in floor toilets in separate stalls with the doors open,no,yes,no,no,no,no,no
Man surfing on his board on a high wave,no,no,no,no,no,yes,no
A biplane on the beach parked on the shoreline of the beach with water coming up on it and another plane next to it,no,yes,no,no,no,no,no
A boy and a girl putting pizza on plates,no,yes,no,no,no,no,no
A fridge is full of beer at a restaurant,no,yes,no,no,no,no,no
A pair of people are busy in a kitchen,no,no,no,no,yes,no,no
A person is riding down a steep hill on a snowboard,no,yes,no,no,no,no,no
A skier stands atop a snowy mountain preparing to ski down,no,no,no,no,no,yes,no
Man riding on a skateboard getting pulled by a rope,no,no,no,no,no,no,yes
Low view of small passenger train moving through the countryside,no,no,no,no,no,no,yes
Two trains docked at a train station during the day,no,no,no,yes,no,no,no
A young boy wearing a baseball uniform and glove running,yes,no,no,no,no,no,no
three signs sit on top of a street pole,no,yes,no,no,no,no,no
two people sitting near sheep on hay,no,yes,no,no,no,no,no
A blue boat sits near the dock in the water,no,yes,no,no,no,no,no
A young child and two adults go skiing,no,yes,no,no,no,no,no
